Protein,Charge Mean,Charge Std,Lipophilicity Mean,Lipophilicity Std,Polar Mean,Polar Std,Van der Wals Mean,Van der Wals Std,HB Acceptor Mean,HB Acceptor Std,HB Donor Mean,HB Donor Std,Dipole Moment,Lipole Moment,HBpole Moment,Mean Curvature,Min Curvature,Max Curvature,Mesh Points,Mesh Cells,Area,Volume,Convex Hull Area,Convex Hull Volume,Sphere Volume,Sphere Radius,Cylinder Volume,Cylinder Height,Elongation,Compactness,Bounding Box Volume,Radius of Gyration
1b66,0.0,0.0,-0.09699365607379414,0.16632685723197874,0.35878860060736373,0.3868301184046048,-0.052718946494765655,0.028924238987806362,-0.687053520741478,1.157609843089071,-0.6643228605321853,1.2970971435053538,10.0,9.425292590262961,4.177245878453297,0.7644940297709003,-0.6121561848989225,5.183314260562677,263,462,164.97839893882275,1812.2799113151186,330.69828959054007,434.5606095751292,2764.870989165968,8.706870546731095,1130.2603906651952,14.400029819821507,0.5129108701222463,0.7684730138253579,1171.210452260819,4.989961387988535
1br6,0.0,0.0,-0.0676523365960624,0.16545402381361135,0.27431081244608996,0.39680734473202645,-0.04275487297556909,0.02218260952884111,-0.3061254269104504,0.8101786687943613,-0.6649046885921995,1.345081581656051,10.0,3.2526750828829187,3.3001889401372577,0.5276576808354949,-0.5817427407478206,5.286948932856592,387,709,243.52250555394028,-285.26532815534375,383.905601545172,577.4499361762405,1721.6796295589286,7.435118772816444,1401.379475862116,9.0350527110249,0.8896250707275407,0.8164016072053513,1494.1388897228337,4.888137716553121
1diy,0.0,0.0,-0.03377636972780897,0.12213930636351118,0.12343222933460275,0.27491223548083016,-0.038128176006448335,0.018314307272755386,-0.18242558165473266,0.6474762372832195,-0.2644739439000251,0.8362415222663886,10.0,6.741524832728909,8.277816529747332,0.5806529870083205,-1.978793599230892,5.614676871057677,725,1316,463.79200577980487,1753.3843836633123,661.2100206106435,1323.5065269729043,5007.275936851232,10.612987152572012,2838.9737357804825,21.092636645910034,0.803837240149036,0.827833761306729,4089.4179782283595,6.807338576895983
1dx6,0.0,0.0,-0.026142164960075962,0.1368926651834124,0.21366758658781299,0.3414443465931916,-0.0416076050797726,0.02380599087938895,-0.37627904408849794,0.8974131063095205,-0.41628806441261473,1.0615898863152045,10.0,2.5037114467545476,2.220543558456138,0.527998765309209,-0.8126903552661027,5.161758506522106,476,872,303.27887041942176,-413.3444859104899,431.6017386841603,744.5232725212979,1761.127235154727,7.491475691948092,1550.5147009575935,9.12215697935491,0.7240054414852677,0.8830385956015268,1678.8721913736658,5.412595386341411
1e2s,0.0,0.0,-0.10034691547381537,0.16571242185732415,0.3299889862386775,0.41721895408334014,-0.0445462583889537,0.022783057518492876,-0.3335255082934254,0.8506872161642418,-0.8732376961177356,1.457734276363151,10.0,4.587164465258113,2.213687647442241,0.6607317882549962,-0.6298741645636268,5.281267470553497,252,451,158.9589175603055,-839.4840343544686,251.4496418201241,319.15875411761124,816.021885451676,5.797014665727005,708.052475520644,7.271941699623195,0.8520381833039977,0.8512486101100764,703.6785917005793,4.398911541786529
1e6q,0.0,0.0,-0.057557223822053055,0.17360830056112994,0.3700132835539976,0.37160826881378467,-0.04914282204064607,0.028817723868247908,-0.6482836493907036,1.1134835655922033,-0.7170036256083728,1.2801126080514664,10.0,1.7043310806040275,2.291733908789206,0.5044893312333973,-0.5625951138973679,5.4067239143266885,274,504,167.3827990505632,797.517689867586,256.128100815142,322.380225707361,775.7613587402587,5.700065479444736,698.3349771069775,6.921137258981155,0.8433933726495874,0.8363898193819518,852.4642031834043,3.9010540992822573
1eyn,0.0,0.0,-0.13155567696150092,0.19258800851175203,0.32350611101443144,0.39716148906084753,-0.047024802809465534,0.023876698517058734,-0.3448278062952849,0.8881925296739466,-0.7511256202100121,1.3504401298012496,10.0,10.0,4.150819681254074,0.855942908612788,-0.8540741475651652,5.338974303864534,334,577,205.66240161810185,-1684.098022911869,369.5642588975577,579.3518794208267,1302.0641605282826,6.774042627800656,1162.5936972872462,9.154603918278724,0.9058826440924921,0.8672287398672832,1591.7336336280475,4.856808719461755
1eyq,0.0,0.0,-0.02541696877839515,0.10487719505523756,0.14887244871369265,0.31432094107362274,-0.03904845910909959,0.0181727398387876,-0.17195261464220576,0.6414995436130659,-0.3653216602690057,1.0092605435020985,10.0,6.746985219708683,3.116364348592825,0.7665759851896664,-2.312531044170724,5.677679286859125,459,806,284.99287937159204,448.9758996918996,445.20278872641404,725.4485880762854,2574.3530274608775,8.502105657692667,1722.3011553872475,16.314835526115807,0.8743859287251189,0.8212890119208865,2394.2360674492625,5.747812659643941
1fdq,0.0,0.0,-0.049148763688203465,0.12107631706219867,0.1893532058612163,0.3413723790317869,-0.03847206517430798,0.01782121198150855,-0.14761041718944506,0.5985070117631299,-0.4691564913931158,1.1194086066596631,10.0,3.496650604032974,3.2989129488926365,1.2015920619499423,-1.0613250607348075,5.547636537828931,468,757,272.65585531905526,-240.61936576813483,512.2962990540642,984.5630006621996,2197.0269114521193,8.064589309629811,1810.7979831265575,13.896378422375737,0.8235635350098315,0.9030002493936473,2031.1448144675317,6.019526327313801
1he5,0.0,0.0,-0.05200711672593027,0.13972307805014042,0.1812343935556774,0.30906835188888576,-0.043151884523702576,0.02259194781234423,-0.37701372981157594,0.9143688471520283,-0.30520940238577754,0.8782557065575567,10.0,6.999041863684912,5.982878506666814,0.8306305183575109,-0.6384083903731401,5.091541132511874,382,663,239.58434233116355,15.33054192973151,474.8131673220604,774.4535204054388,2938.099244833815,8.885037887994976,1663.0139069718143,16.89897282257051,0.5718546091850986,0.796044624135078,1896.1732787673018,6.188372982509263
1lcb,-0.05121924239470439,0.1448441217309529,0.4134155862277704,1.7168789984701687,0.2605460267697105,0.307481882704396,0.6668074451179427,1.9317737046814487,-0.6675776263919053,1.1204201583200097,-0.3300476159574594,0.8163543049333257,2.0965084646111163,1.4548015630556255,3.5057406920427803,1.2427430398721295,-1.048917896273677,5.574494596386876,407,653,237.16697780899906,208.2486189230956,681.4942858147871,1416.8145663379091,4303.987448146325,10.090843304018302,3196.2741264063247,17.42205943090329,0.8390656225916535,0.8469267922754877,3879.9148731634687,6.66869994118389
1m9n,0.0,0.0,-0.0972560584393482,0.16295540015088664,0.3784439768376789,0.4357136534280778,-0.04608756091787345,0.024132705084889405,-0.37102692193671727,0.908715847974328,-0.9872939482786374,1.5442158618223083,10.0,4.018412809497187,2.742159247601625,0.6811677529278803,-0.944673938824165,5.575367159767365,535,954,334.04089299856065,2264.9079671912536,535.3373258446095,1015.3233978608692,2500.0868134023067,8.419548959839195,2102.7289886133676,9.798276128256088,0.6732991507817698,0.8717446554793586,2550.054173775285,5.815825622231178
1mv9,0.0,0.0,-0.015730438442629276,0.09133267004169149,0.09845613880372177,0.27072696610900726,-0.03650114486902432,0.015411360451984664,-0.08710876045520342,0.468723445773144,-0.1820430787773499,0.7879639181300376,10.0,4.4979280358243505,8.276706369796202,0.2913573831958276,-0.7651494394227587,4.493648407167836,744,1419,501.2484169305089,-1396.398682230717,564.9429244252423,1100.4563002336047,3682.376164421706,9.579580997190329,2513.8709638212163,16.986448025963924,0.5574072498463539,0.8715496388736105,2407.5754475445506,5.925301912024043
1mxh,0.0,0.0,-0.060623826803236976,0.150047919545575,0.24353464426157376,0.36874511488402056,-0.04822877131315644,0.025853074761213252,-0.4755540128137842,1.0140521610831483,-0.4607385384806271,1.1528895633348495,10.0,2.4528115785022484,0.2547279230170428,0.9192067393836802,-0.40630429959606573,5.313311822535413,270,461,165.65503817682583,1443.586214970136,375.0362210669349,404.7619469362162,2766.7070403988637,8.70879742663933,1123.9534794949402,4.925955459359621,0.47376419566086336,0.5926742270392674,1458.1618801215575,5.06235164824537
1nok,0.0,0.0,-0.08615766793765932,0.15741830616152525,0.3245301834459107,0.38798154316478417,-0.04888506893367554,0.025937746459066064,-0.5750580632359686,1.0659908695993932,-0.633682314014555,1.2916456596155104,10.0,3.6252870382948705,1.8912879693220144,0.626528449433862,-0.5732469649473444,5.619447311511346,351,632,217.22547336413623,-573.0256086648108,310.94894938030166,460.169737756037,1083.559257001119,6.371690700841139,927.2825489161319,7.400053872448898,0.9412368904174213,0.8925048827203891,1152.8994236969834,4.5166706785084845
1oq5,0.0,0.0,-0.04019501443662457,0.12995203301339228,0.22508138076535433,0.37461023417406975,-0.042215494404661456,0.02093659655828701,-0.27828884734363074,0.8014055594405158,-0.5247328284908205,1.227350502189751,10.0,2.848235439026532,2.184682762390045,0.5486237170791,-0.6712225149475559,5.2788016802814655,544,993,349.1661219211991,731.9159151884553,577.1682041994236,1099.175844633419,2964.864740574308,8.911936677024865,2384.6561552611693,9.666312228586852,0.8322160538914363,0.843023663594297,3635.9740614165835,5.999267954678927
1ow4,0.0,0.0,-0.046563871147625294,0.1354014218887704,0.14744096649153454,0.3070296283639737,-0.03893888798125742,0.017271655405311816,-0.1536348598627966,0.6045584936459767,-0.3434069982594717,0.9725032427219336,10.0,2.7998472081939356,3.5198855062649157,0.4625289375266044,-0.7516175418001643,5.312321019233301,523,969,349.5494501966728,-375.47274451375625,436.93917671259277,741.9050285847541,2116.0290461205395,7.964239993120168,1496.955996507397,7.5633433070864635,0.8856385322681986,0.8638593185225295,1931.241520577286,5.332518186227913
1oxr,0.0,0.0,-0.08136983321458327,0.15053620887178384,0.2530295486502551,0.36747967013437777,-0.04644879845218972,0.02444224294407401,-0.5051860482613952,0.9999071493936034,-0.43330691706368035,1.149750318234734,10.0,4.16558780437939,4.048017276711969,0.7255583033290712,-1.70604420796848,5.236215238546992,420,743,261.4048370521117,-272.78188156752776,400.4176712333322,678.7831324830676,1362.3171936713222,6.876960705940674,1329.776128123691,10.660655482413578,0.8637722177063744,0.900922379427466,1675.7691909068071,4.485154707049089
1pa9,0.0,0.0,-0.05770114143546513,0.13780517769458744,0.4044501267151948,0.44707488159511083,-0.04364833514008898,0.02122099179079304,-0.24850262720191127,0.7642613586749327,-1.1190571494839119,1.590689042570585,10.0,5.73325492301627,1.6480279361076902,0.6369552115525697,-0.7640641300823257,5.498168908634765,291,523,191.61054239822636,-309.83939265823756,301.0245399135448,392.75740881283946,1216.0552132377327,6.6214773052065645,887.9724058555654,6.793494468958677,0.7298495496142864,0.7997379791581855,977.4062871513559,4.097510493965212
1pb9,0.0,0.0,-0.10665676309102609,0.19984354399545265,0.3966927975813712,0.42472465755286376,-0.046897191976691024,0.02558333074889472,-0.5519079185873563,1.0058564695193986,-0.9339123879922708,1.5403155609558687,10.0,2.3595844882271426,2.3814044772207494,0.24012173148457028,-0.7217158522180647,4.032672483742004,157,302,100.81234783326575,-32.11594012641092,108.40059591473985,97.6001710838619,190.7200812311322,3.5708307929560568,181.35732002324184,5.431511228473074,0.8510853769247712,0.9196641581627522,230.5340090392472,2.598586335793875
1qhy,0.0,0.0,-0.08264350650005718,0.16053047082006172,0.19810527918185622,0.3189341173306652,-0.04425282130077935,0.025015749946267065,-0.3959073593817009,0.9319176749655338,-0.30873795678960586,0.9092256453488766,10.0,6.354184348834437,4.154632657403706,0.7465170661995548,-1.6395711315510795,5.7563758774096705,505,890,316.5331768567416,-787.9719089849459,511.4252765662678,950.7048659924318,2525.122062310525,8.447559428174602,1711.9992733449137,15.419525028238663,0.6952413581569497,0.8741754795651707,2267.895037788036,5.854273225106698
1rf7,0.0,0.0,-0.08478874994306528,0.17181110305538094,0.24171455342802645,0.3922110528118961,-0.04307976059453192,0.02158282521706009,-0.2704774065518444,0.7821900712508787,-0.5913963640362097,1.3116292129314655,10.0,3.4765847539642234,6.870211112465053,0.5363694774421598,-0.6933436534924313,5.493960344206426,574,1050,366.06705868797695,4803.995112216715,610.175303839387,1163.5250592544962,3273.7018155313544,9.211213246211372,2563.485317946053,9.683612551361435,0.5462959003469343,0.8209562034271669,2577.0961780602393,6.076659916344217
1s2c,0.0,0.0,0.006211428661389613,0.08290760461780486,0.16336810135337168,0.3216426149309772,-0.03811108628407236,0.01926702080049975,-0.22676639812455368,0.7174262668047401,-0.35985304114698924,1.014959482330421,10.0,4.213816020070132,2.8219864687337197,0.8166823669709317,-0.8628872736086528,5.643518905385401,477,830,295.6257282703878,-502.31470059907815,481.6683446247721,843.6940341687935,2494.113697199347,8.412838386378914,1723.4981719599928,16.498168580821297,0.7601421641222454,0.8487680183823944,2192.765465560956,5.492033813268683
1s4m,0.0,0.0,-0.09953919487320223,0.1561004130124609,0.24702748229911234,0.34620343747369525,-0.04917508653036588,0.02749312598409616,-0.5284897038567752,1.0534362121170309,-0.4043980149616032,1.0276757749764909,10.0,5.844483269455846,2.395971965794062,0.6174228336534853,-0.7604465313785393,5.317374582857511,346,624,225.23467783735492,1320.094843515777,340.3842567678236,484.87235735649995,2074.2227198471305,7.911440979931019,938.1987129321952,15.279657236162816,0.5232119121307262,0.8211063572981996,1132.3533607377838,4.9972686959392245
1sep,0.0,0.0,-0.05193899633593465,0.14712428988991405,0.24910224406514903,0.37768418690225464,-0.04440103132066159,0.023822619701544076,-0.3703272071739065,0.9024841835908548,-0.4872922211203705,1.2143783544724973,10.0,3.3673874366988095,2.120772624323646,0.6535142612730647,-0.7379220109244233,5.31330898444049,399,715,256.3738484644051,155.7312153941424,390.0904010317927,587.8138946199178,2516.7103693097533,8.438168815987812,1354.5099594074172,15.768524540464313,0.5977102387560725,0.8113684921191607,1479.3878523308097,5.3615490326573525
1t02,0.0,0.0,-0.08502029500419415,0.1549095644338984,0.26124757160339696,0.3812013897597861,-0.04613308280761991,0.025496994172361055,-0.4296672492900154,0.9662255089661929,-0.534643498036755,1.2316965546444152,10.0,4.260389897669673,2.0809213798125916,0.7936655124858424,-3.66980943411191,5.33377065809386,570,996,363.72263264594665,-6205.243557580639,612.7706418155415,1272.1471792606685,2638.408473264752,8.572045637967696,2329.505869289558,12.934161251824435,0.8369658340522468,0.8919009392726621,2849.042883377704,6.494883449952114
1tx0,0.0,0.0,-0.1321187289587656,0.2008408688924034,0.34245171428081767,0.4002917648924367,-0.047220134160066346,0.025264440982904732,-0.45995160062563883,0.9723627234242151,-0.7288524176852653,1.381391364013049,10.0,4.541978597768408,2.7293230438981784,0.7089104562732312,-0.8224530461024226,5.23657238000686,421,747,255.96116994987932,-3612.884235874535,445.14171359399126,697.3709414958169,3316.2248016028475,9.250924102927481,1386.6340337728664,17.566958449936976,0.6130805675547959,0.789664462417928,2016.1786284780123,5.6973925035789525
1ve7,0.0,0.0,-0.05315833361995757,0.1317977196535191,0.2019323674185299,0.3493728402250863,-0.0402840918557484,0.02052962965140809,-0.23744082952985932,0.7329737629476839,-0.4217102144108115,1.114107372737039,10.0,2.908407326387958,3.2852830184953636,0.36719914132867704,-0.5605753345456401,4.81841905183119,385,725,251.13669535440343,254.06939076255347,343.39515852650925,506.331983191679,1529.3091110084167,7.147193752923897,891.9524079163248,12.602912012371089,0.5764761572913895,0.8461946906885554,1157.3075314598468,4.608394372920056
1vyg,0.0,0.0,-0.06608326192958992,0.14085809295222437,0.24533662490495484,0.3893039236690015,-0.03912246820583529,0.018630725790751885,-0.17917333082655848,0.649236023733739,-0.6745732760336854,1.3263053444191584,10.0,3.510859011666421,3.348537018632788,0.4055244016297867,-0.504671612321065,5.328762334910881,643,1203,418.960336990549,-372.8093248478806,519.8777948143068,982.4187898064789,2443.488861105155,8.355528369290283,2016.9525891364926,11.00068876712224,0.7915664021897697,0.8813957352620458,2974.689522285692,5.991262095731626
1w7h,0.0,0.0,-0.06995769302399532,0.15961602489224894,0.19747645611296155,0.3460919980419865,-0.04280122861418007,0.02258714116139287,-0.3299840357326284,0.8568025264236706,-0.41118839817437247,1.0911865477195233,10.0,5.335396904726905,2.965489525892607,0.5669039374898874,-0.7705930914398795,5.545779741155837,399,726,253.37253247683418,986.6062889132942,402.29781860064406,640.1407405391011,2126.575853435194,7.977449978042257,1135.4310144769877,14.969272500309842,0.7096533818286873,0.8436846315554578,1736.7754018772418,5.456254062588716
1xql,0.0,0.0,-0.08834334942625578,0.20648622400577862,0.3054698926280886,0.45894098067141764,-0.04986803714535308,0.04070161792604543,-0.21129256611292216,0.9558910908550264,-0.7814831205430811,1.426678832699149,10.0,3.9275284030680955,3.827912256298238,0.7544769758621157,-0.46188061064494335,5.26239637153508,254,447,150.81773967364867,-455.76604667096996,236.7746970674196,287.4067095816348,1216.8328589455557,6.62288844348934,520.5060219440827,12.237740153354075,0.7693212071757888,0.8389192403085203,867.9166990823612,3.876131760306476
1z9y,0.0,0.0,-0.019880514678452876,0.11359727187058795,0.2347088247273436,0.39485135770184343,-0.03879749526674414,0.015763488998937418,-0.14197773136415381,0.5786931833528407,-0.6837671300082414,1.352101742738594,10.0,4.830908523005604,2.2812309078310156,0.6490323284339353,-0.9875061067600326,5.135886902217334,455,816,290.08736002586636,-88.02926313490829,446.8630551219967,763.9912011291779,1818.805543757521,7.572382677434128,1574.0335637681328,8.838870045995478,0.8067619858804363,0.860107764063039,2091.765284796876,5.186103848875882
2a3b,0.0,0.0,-0.06240948864382629,0.17625316542261338,0.2457368013031744,0.36299735642405895,-0.044699421412955166,0.02582349547263302,-0.4334572270358133,0.976640328739,-0.3988317969558535,1.1037856190656876,10.0,3.8487643315293143,3.5373698946876213,0.8421739342454566,-0.6978394635995961,5.0813184461334355,332,575,204.6292266035073,-172.60178500743282,391.68238326564233,627.3167130074812,1429.3306698790668,6.987921771035768,1278.978671847864,10.640147680963679,0.8747020047337134,0.8606210947324082,1660.198864058678,4.4891104030139015
2ans,0.0,0.0,-0.05202011607999011,0.1266942930019628,0.23393879006157123,0.3802673948533127,-0.03859304981718972,0.018951478655880354,-0.18382092489041865,0.6598504899421742,-0.5744837783715567,1.2332238298420628,10.0,2.5710710281928546,1.035029923171998,0.43057361242093617,-0.9949914580725938,5.362129423957294,591,1101,392.54687004572384,-53.25004943498628,494.66373307108915,933.4410658024914,1907.162010792558,7.693069560685327,1707.4719743028659,9.66255374874405,0.8947937138096337,0.9022938226275437,2425.563143822149,5.937889910201811
2b50,0.0,0.0,-0.01015750536382865,0.06945587342794804,0.12200311635600063,0.29924104467831175,-0.03666386619507368,0.014369017743879138,-0.06784462909696491,0.41157942703647127,-0.2642878609197878,0.9135833801766157,10.0,4.45621473973062,5.14396208380967,0.6440510760880483,-1.1481424724965041,5.297294485388177,639,1147,405.45074720589287,-858.7859722376643,564.1302026431333,1075.7724338880116,3808.1357896809363,9.687415757836504,2216.936983987387,18.639131765458966,0.7396543908227102,0.853842111810411,2642.263441318971,5.6890463186961115
2fbz,0.0,0.0,-0.07672482443920534,0.18188271408354015,0.3433640909695434,0.3992700645255385,-0.05153978808879899,0.028833593365299084,-0.6412822446850509,1.1281887408256488,-0.6237730030093425,1.326404913860447,10.0,3.9690400574975904,6.466056281001439,0.9553381168811068,-0.4365297260700345,5.336683655860318,171,290,102.62569684871946,208.36061353746553,229.2443254937828,222.83495579772347,964.1027704362679,6.128369001783624,525.8383812983762,4.572158809644348,0.782577816594711,0.6827498512773352,935.0312986279949,3.710855609792179
2fu7,0.0,0.0,-0.06611735823540661,0.14713389066441437,0.21365662537392632,0.34754297082681845,-0.04743484062657841,0.026681616526256276,-0.48674577832518096,1.0200612757035512,-0.31499701381865824,1.003733888379515,10.0,5.714811408551397,5.850531130652045,0.9657035783408314,-1.3863652605499297,5.542392906283014,257,435,152.0262075003612,9.824986071843302,311.3520669167528,397.0559491505956,1678.019965455059,7.371731437026091,1043.625184964201,6.66284586683625,0.7074190702546402,0.768599795415697,1153.0512614375907,4.442642595836879
2fxl,0.0,0.0,-0.037950060726676685,0.14524160107134812,0.31042660424249297,0.45225764813429864,-0.038960288422501536,0.016367813494524146,-0.09578109986195377,0.48019445984374426,-1.006908128900637,1.5833580736065387,10.0,2.114180867221323,2.9904012862638285,0.9931486453283861,-0.5260244111631618,4.63912922874254,155,261,91.53501372409733,1226.0410417519304,184.92696567622994,190.63100685380925,676.6372023379089,5.446143591166728,469.0483129893539,10.291151322264678,0.8672096331541742,0.8061565052126549,533.0532251886488,3.435265250247575
2g0l,0.017768658494176668,0.07653065990329828,-0.041073093633544625,0.13680643257650607,0.2169928904078071,0.3068985305094424,-0.035745714591702143,0.01851030098397676,-0.21295547283630656,0.6974928556224342,-0.5042411676378962,0.9857461625998365,2.454374893072035,3.271925650143522,2.26198073509394,0.6159985595274104,-0.7426570681448821,5.40927163395437,357,644,211.24112889269557,-322.9934634796062,349.19246583250185,460.18086086102426,2239.2716670805617,8.115950544385342,1102.1232519695882,15.011867716009661,0.7827361074115077,0.7499934002259716,1971.184018040012,4.634832952851916
2gby,0.0,0.0,-0.041590200530489584,0.12792779394015802,0.2508073808292392,0.366177685615307,-0.04265002438225852,0.022046161528392248,-0.30267350892349343,0.819829436354691,-0.5885574270489029,1.2123352753691228,10.0,5.321900381394395,1.910076041460732,0.694209612591003,-0.7819264472362191,5.824329254279921,534,950,330.2167743391207,-3249.403514009619,562.6806244980196,1035.204047387475,4240.462515937649,10.04095158653575,1881.5348399939508,19.987580819139282,0.6185991250303007,0.8248200451982023,2968.918708125807,5.853056476964079
2gqs,0.0,0.0,-0.17832637924672115,0.18936739502725705,0.4068671840654884,0.40773781644323864,-0.05037431332622256,0.02663711886030506,-0.5439626696028197,1.0382633095540674,-0.9141842204520682,1.4746046863137945,10.0,3.9214294268881615,4.888836342575702,0.6055223935490531,-0.5299732549104164,5.313338410239564,441,797,272.7722826090427,-187.51747871731598,433.9422492229933,739.0488403758307,1703.788196560781,7.4092741658956704,1382.819156824926,8.637925053571045,0.8602160932179858,0.8694636361085102,2028.2673702810846,5.381127738897005
2hkk,0.0,0.0,-0.05262178015217556,0.14780066136822792,0.32459628796133105,0.42948678136368845,-0.04618726802959084,0.02429266941411613,-0.40010133411302423,0.9331579452062809,-0.7815735898460404,1.4776518704344856,10.0,5.617416490312812,2.0765402850028467,1.2153606616077302,-0.4490548598831703,5.304692546211605,274,442,155.22889534911482,-426.60326506240546,390.83159962794633,571.1677413680719,1979.2420107539747,7.788791837672767,1350.46804145136,14.31442241780071,0.7339034420862172,0.7861498804025903,1766.326045490191,5.143918467852604
2i6p,0.0,0.0,-0.09964680320240904,0.1565446501545037,0.5395943282763785,0.44164446845708444,-0.05142869404370701,0.025006817794256026,-0.48118945012925524,1.013361404153348,-1.4923064841549973,1.695770863061334,10.0,10.0,4.181027013669843,0.7629582158718069,-0.5711716773923543,5.433596950100576,210,369,126.38404391283618,506.2664513148491,210.57274351842727,234.59800930450947,717.9982116575326,5.554925657453794,526.1151797958449,6.68274794840902,0.9246149189041083,0.8164832430753861,693.0717429834717,3.331830737178813
2lig,0.0,0.0,-0.043208966637788136,0.12666242105971104,0.19290178873382444,0.33046583331545304,-0.03893761742259175,0.020244863770316875,-0.23193218962756032,0.7166077317540746,-0.4087183014171955,1.0488032437027068,10.0,1.0652121463970117,2.548611718995836,0.23744595637597277,-0.494458412137984,4.380333953383073,344,662,223.81849560892118,-276.2354922418971,254.1671039727006,337.0635925408402,740.1285116793965,5.611420853770321,604.6257331460774,6.416549094076842,0.8675662637435976,0.884624618417516,826.0195116081954,4.230111877726093
2nsl,0.0,0.0,-0.1223556219674429,0.20410359506872255,0.4467696768356453,0.430948178435047,-0.04905206438156001,0.024623865829332056,-0.4281566823352074,0.9638172796449235,-1.1392886916008125,1.586418538294106,10.0,3.108160321485594,2.643540788212532,0.5719522245321788,-0.6397382868839729,5.28551010373532,379,689,244.2608005333458,148.9006327930511,400.0734725541171,615.409058077597,2076.2622500118105,7.914033169714641,1461.6638178808744,7.676887638044205,0.5900301882848212,0.8178627665575795,1672.4716565392368,4.884997165294001
2nuv,0.0,0.0,-0.15698627209131888,0.18125351646937768,0.2854481870471662,0.3137817912731528,-0.0630689805139689,0.03280425248093326,-1.1407305725653796,1.3107081861166783,-0.05964347725829839,0.3912354257287761,10.0,8.0608318490132,4.439834183455781,0.9723977261111265,-0.88143729327646,5.64272679840974,168,284,101.70653091628196,-400.5356818598211,212.59283808180965,186.60915113051755,1135.0459506745176,6.4710528202820115,632.5494688457633,12.279451664075289,0.7350080607144528,0.6402302342644788,729.4998294192657,4.286696005056339
2o63,0.0,0.0,-0.04673374939038889,0.12379809972543045,0.10045351919802532,0.2569220853074903,-0.041921276160914955,0.02126469042481465,-0.2663126380250787,0.7877917908132249,-0.13227102705478855,0.6676271262301664,10.0,5.059034534904682,3.533220711506105,0.7300884335807265,-0.6787968386297649,5.183566476856214,426,753,273.6467793721097,-404.6607927886789,462.4201458501402,761.7529769787091,2744.492310884298,8.685426238298998,1505.4758184064397,16.36221817603188,0.5302027665951758,0.8146765721056504,1888.1004709387382,5.95050017954873
2o73,0.0,0.0,-0.0586744779580739,0.1388386261945591,0.24683531793492255,0.371660706392076,-0.04358023424698445,0.02329438450601936,-0.3475828769045627,0.8781045372785621,-0.5585278195066979,1.218492799213629,10.0,7.01970646500656,1.4822399611161454,0.3782519582917476,-0.6057903408780607,5.192504760712855,299,562,198.93330364422997,-102.78752350984138,240.7143589404005,306.70370159399505,839.5139839738995,5.852118457592023,636.8403542714325,11.565932054669755,0.7297788791856332,0.8733578099754936,771.597849157678,4.115868064491805
2otf,0.0,0.0,-0.07119328935055239,0.16422091797758284,0.1574275111368725,0.3338750597181682,-0.04042563107007932,0.01812902940698417,-0.3238696834122788,0.8204646358650638,-0.27560167562689364,1.015550465318822,10.0,4.072154770603359,7.744521352108574,1.1303084679582325,-4.262557986963397,5.23009873118817,189,310,109.54476255733348,-517.9113146516165,251.6789817216937,282.34326310012483,983.4884715207158,6.169172131661846,643.8157974651214,5.449646461941402,0.679243806288323,0.7520265858140549,983.5409630418574,3.9931199685712184
2ovd,0.0,0.0,-0.05907324946110157,0.16643943764900196,0.19614471445803774,0.38095356853204904,-0.037892383782564584,0.017074116422318195,-0.127139851769105,0.5589556270066358,-0.56202881265185,1.2919245043771066,10.0,9.385325395390089,3.9644873177265607,0.4787188805470161,-1.1002707888244867,5.402488493955357,525,970,334.3992205646593,552.664861957454,472.7605447136659,791.8721095870735,4047.191883193755,9.886025553642627,1766.8167501213386,18.78346212745999,0.6168038892877505,0.8192555594686786,2093.2537430823327,5.539192932176098
2oyf,0.0,0.0,-0.05920700371800518,0.13757951037617772,0.12283388538196795,0.25145179964752984,-0.04618915662025295,0.02474339155226777,-0.3987252539995124,0.9494588825520438,-0.06557262956779271,0.4084154813279424,10.0,6.105614500225082,1.736301452378253,1.2447819948185974,-0.8747042579466164,5.0310681829407935,159,255,94.12404226444914,-703.5426064133877,250.78596494250783,272.58543072959327,1396.8924395934275,6.934653820011615,782.3021728206577,5.2373017856678,0.6368620549526126,0.7299178505461987,907.5605973683348,4.123997085234795
2p1q,0.0,0.0,-0.06533703291139675,0.14414454470305801,0.22420209053358572,0.3793473361991169,-0.040740420559406465,0.01968253775544264,-0.20744293503623448,0.6800922269172562,-0.5820652238586053,1.2804053705601197,10.0,5.090450749969018,4.83114723834865,0.3667849290993159,-0.6495074865589867,5.405287393491645,394,742,253.89002459741772,-24.33766438569493,310.0615474860497,458.8931651405853,1099.363048033679,6.402518499529615,863.9642170594306,12.053484242470134,0.8813717313821464,0.8938526060075132,1103.929376270564,4.488052480800572
2ph9,0.0,0.0,0.027119545225195923,0.0848958689328942,0.21900969774306617,0.4037876282130719,-0.04118335833976764,0.021522296890133033,-0.25291691779647335,0.7868267714798837,-0.5582494215624594,1.3453521239208184,10.0,3.5527494426228925,1.2097653190050286,1.1277512089809514,-0.6017053944190351,5.513284426062108,117,192,69.36106652452928,52.01778230326681,147.90895864705152,117.61159935201636,627.5978332126012,5.311260574202291,301.60593081655156,3.553649330805231,0.5716887028035201,0.6953198429376143,379.9676049338836,3.0164893120302816
2pix,0.0,0.0,-0.05786993628430572,0.13666137175329487,0.23702235496419335,0.3724951687316564,-0.045744728621850125,0.024904118780928616,-0.3715359874845518,0.9251843682414589,-0.46254191302318215,1.1707453043840685,10.0,5.599668596794345,2.7647302291179825,0.7671330898300658,-0.5522152932753404,5.439029423600566,344,604,209.21000563543174,-61.41754195418983,426.78504921612836,631.9345431789923,2735.189815018852,8.675602004724366,1304.8323818417036,16.36576477509194,0.8980317096820016,0.7622272775430301,2396.8151453869345,5.846135440460113
2q1v,0.0,0.0,-0.18147122571571986,0.12134205523670746,0.455917806385271,0.2908584089626416,-0.043266471834637076,0.026823263009822244,-0.5860639248365923,1.018363059580972,-1.1130714430712552,1.1863488189306068,10.0,10.0,0.8344014397331349,3.5342917352885173,0.2592625780175073,4.9641189998707675,8,7,1.841878397659383,-0.7328578082888666,3.8573800383947012,0.17276965961840346,5.765111396049918,1.112345489255947,0.7077355476029211,0.2145011910013288,0.5454252001455221,0.24252416683249542,2.5126806073301076,0.5973493329557706
2q6h,0.0,0.0,-0.0906878126743578,0.17576096045496725,0.25248976534212775,0.38335840037309044,-0.04581597631112438,0.02489567814826329,-0.3691045505648456,0.9243505082345918,-0.5378158398930885,1.2380044603659073,10.0,4.934393223495728,1.7961278745120486,0.5785621829815456,-1.0530200738215427,5.313348282574033,543,986,353.99130443327965,-1148.6644696810827,549.052700500396,1065.2347217338815,2686.37749377401,8.623683526993332,2365.49347162233,13.19480514416656,0.9383823851241193,0.8805427645116796,2879.5998162699157,5.9462890094047625
2qre,0.0,0.0,-0.10468496946924334,0.18467339424011653,0.34178802747729264,0.42581793152598457,-0.0474259597829991,0.02471138060648564,-0.4276162884025351,0.9721971710286084,-0.8394864353167419,1.4743510459599956,10.0,5.636027989834963,2.7908813696614065,0.7126051628874409,-0.5576239578968396,5.350184213557233,410,727,250.76881854668383,-337.36038468738,394.8037109035249,624.8051092600674,1773.1178267782832,7.50843909458385,1415.7820975264167,9.723661417358713,0.8221145599346539,0.8470302485681265,1742.8937556336139,5.1128244069181745
2qvd,0.0,0.0,-0.04808667745858913,0.12597704746767965,0.1383713743274805,0.30819092345067667,-0.04020199104446396,0.019045064288934287,-0.23331624758067931,0.7295486393013428,-0.25728946974653444,0.9269541204435046,10.0,5.710954020193258,3.9112126567866174,0.8166669427364567,-0.7487709288376374,5.233913302221924,427,743,268.8257622689772,-977.0815955505769,468.40096456201036,800.2470596891845,2468.7642594037275,8.384239404503964,1761.4305078179543,9.07839858525093,0.7925505516811934,0.8395056101732851,1872.8776254034224,5.166218528547451
2rh1,0.0,0.0,-0.049726025101949144,0.1348843868525917,0.2158876325159662,0.33202942293101245,-0.04419415503048403,0.024289661716535675,-0.3869617016217445,0.9279178651131686,-0.4170158269603153,1.0103812649701858,10.0,2.0778566057462164,3.6060886041700764,0.5357754913098871,-0.867010344529695,5.277469500887477,516,944,339.93846886568247,-337.6869875968911,466.9250855963233,801.2584366551034,2429.380019201733,8.339415553940048,1800.797994834006,8.546104151884652,0.5352518578007721,0.8445551051313626,1796.6348737376545,5.558321629486795
2uxu,0.0,0.0,-0.015745904742086175,0.07906985262956537,0.1411389185925466,0.31132308059552205,-0.036381421003143864,0.014741293496744525,-0.10356421302759498,0.49955966257035256,-0.2119917490651467,0.8336962212134694,10.0,4.770458839640096,3.967037649705768,1.2585015081146056,-0.7041733629432896,5.4655943919874534,337,539,192.64386071980505,508.5549528766904,444.60468462156996,735.2183503173733,2586.2235408293027,8.515153548557498,1608.3005014782743,7.247919524901677,0.6132624778734147,0.8340296174126952,2024.4177550569425,6.066685732894973
2uy4,0.0,0.0,-0.049669390457061494,0.15235009447580325,0.25959066334039,0.3633268256111683,-0.04705672191888423,0.0268634517195691,-0.5242221460281494,1.0233278065826248,-0.44533383093423745,1.1314836521663483,10.0,2.649002675786197,1.4844860512778941,0.8230740900548906,-1.7746834386906283,5.50259643009788,271,471,167.29366986044988,-790.9048622349253,305.6848306761264,412.2114481742522,1339.8859776004279,6.839007462110971,970.0193935860149,11.979621927664109,0.7153352342146204,0.820229536345074,1201.9910146801044,4.0954210334623715
2v6t,0.0,0.0,-0.13851334329761514,0.18305683083415145,0.3932024002393679,0.36410283151900863,-0.059449323918181966,0.03178543557139149,-1.1004360950492267,1.2905493745365637,-0.4451932288262166,1.1426138318994112,10.0,3.4076306860660446,3.800069448274318,0.8796459430051421,-2.257453382016669,5.313358672940986,325,559,190.30327066195647,-903.4878432287743,377.70184369268134,581.2628031216195,1717.604507407298,7.42924796434334,1261.0122489168539,14.182906093382758,0.7415071196879248,0.8421220936440599,1420.8594114712735,5.031956677613407
2vyv,0.0,0.0,-0.12619809608928306,0.20046496036546194,0.3349948946300292,0.4268790815285482,-0.06254881666904898,0.03991240268556306,-0.6788553213328148,1.1848648911368382,-0.44078924687810966,1.2586452988490329,10.0,2.2536947901492916,0.7101336609733564,0.9911976821486513,-1.9269008668340604,5.296618580390462,187,315,107.50485821623599,246.42476616407183,201.20090011918373,221.80442621135268,733.6021447866154,5.594878517067121,480.2922102298132,10.415978610872152,0.8147812311605506,0.8265164776854175,671.4777187019188,3.4349083087299026
2wd9,0.0,0.0,-0.07520589895147153,0.15770616558157233,0.21092875628717225,0.3420025138991453,-0.04620915121664099,0.023142334111519156,-0.348449624107231,0.8851950553754193,-0.3928005072996978,1.0457407020731577,10.0,2.239061030492771,1.8300143742798678,1.225987377010651,-0.8245039404051226,5.458530163178108,369,594,214.6539370430095,290.4890767372841,410.76485590852235,672.1422222496562,2317.266908276658,8.209105116997751,1302.3359315327036,16.25410520202215,0.5771662802312587,0.8586129715592212,1524.4663157939985,4.985678993934764
2wg9,0.0,0.0,-0.06053218958991538,0.13106639920797278,0.15650458364705866,0.2890101383659452,-0.04376878652960674,0.023401235815586573,-0.406785674255666,0.9223197602929718,-0.1478528734622053,0.6954395443046131,10.0,2.8563999406430267,2.639083557709785,0.6603948521059625,-0.805756174395257,5.9241582724567445,333,596,211.90764545469239,-242.23705505386374,300.87605752980875,427.1550130606764,1352.2938898346852,6.860053333515347,763.9257532786518,13.203440868439742,0.7776672791887521,0.8704227823314069,1158.026446544108,4.456357846170741
2wyd,0.0,0.0,-0.00658602614360658,0.09499286323514711,0.10485108350831378,0.26129561846450694,-0.03549881960978799,0.015140657060125948,-0.10223351205723633,0.4978508191117785,-0.26527094269613277,0.8292324065793116,10.0,1.079520467945487,1.9627420982271293,0.30649684425266277,-0.9116810922584184,5.178207724997341,492,936,332.1538600911248,-82.41837643871676,407.9872095625512,609.0202692569252,3644.503226164605,9.546626021699849,1359.2437282927979,18.892971095901668,0.5038298186824028,0.7859376817188323,1622.1803971228926,5.763151440032987
2x8z,0.0,0.0,-0.05694249293509281,0.15964369509889761,0.3693409854984555,0.39872877174674237,-0.04556065086415504,0.02416929945828537,-0.43391512003295035,0.959789949733317,-0.8477712146174116,1.40147557361936,10.0,1.9541544218081088,4.195633474631069,0.8868159442565783,-0.8071438442747461,5.399158236620425,333,572,198.57365510692696,-1054.5156147951031,368.135691302013,577.5562438289214,1485.8829036704094,7.078892635537399,1240.0878531089404,10.746056472899438,0.9684913376373689,0.8695780776931622,1168.5396325327163,4.496524268491104
2xn5,0.0,0.0,-0.09695795064127868,0.174539096728153,0.19369971609310588,0.33922449058559934,-0.04507300548592232,0.023199999003712297,-0.3467820490670616,0.8773866645926296,-0.343442522222518,1.021483170195395,10.0,2.400555358680617,3.6738006354905792,0.5570199740407434,-1.5676222331136778,5.604964364953134,564,1028,365.0237386076151,-862.4374626036615,487.82878166114875,898.1798755344154,2171.711380243685,8.033494474012187,1815.8767994021177,13.795932593868425,0.7670110184823649,0.8865196717777208,2176.3968739471884,5.563765548804869
2yaj,0.03224225583457046,0.009362833708080344,0.0,0.0,0.0,0.0,-0.02550718463323935,0.003827470438680333,0.0,0.0,0.0,0.0,10.0,10.0,10.0,2.513274122871835,0.27391499623664206,4.266110307277197,15,18,5.170248334467773,-6.8620550455058495,9.795421365331904,1.647004010927046,11.49370945426386,1.3999865663952855,3.8299219040879153,0.7774626913157903,0.5877669860930604,0.5713288562730223,7.122830745131516,1.078942973282905
2yyj,0.0,0.0,-0.057803431046632416,0.14635582247649012,0.2692714750609371,0.388038316891141,-0.04266272696126226,0.022249982311303117,-0.2878213326269695,0.8227844415938657,-0.676137590468398,1.30358386883479,10.0,4.315153977740833,2.8819258700445145,0.7548703195904803,-1.683900211344099,4.894991404155721,283,498,167.0544847735348,-210.3890222039296,262.4438009589393,334.74087423682687,1316.539869396818,6.799053660031213,621.2985929741637,13.077633843433041,0.7786804447959441,0.8372987720226023,992.9599452829096,3.9428295736910215
3b00,0.0,0.0,-0.09047817240324725,0.1799579592130329,0.28616661918376923,0.37144508436159107,-0.04918090037525496,0.027912297733302786,-0.6029572384457792,1.0851428684604276,-0.46588214969474456,1.1632312556325177,10.0,1.7139589306911056,3.2883487198715713,0.8386746252471656,-0.675402513904289,5.436309741427372,457,792,285.64946258997713,-349.3241644250362,499.9541497979443,895.2292440057028,2587.270089574053,8.516301982600776,1823.8799284104941,15.663135710036158,0.7511334140010539,0.8516579034671612,2181.4046688064045,4.8534238455871375
3blr,0.0,0.0,-0.07348384373774458,0.16364399774522775,0.18400245508777838,0.3192257758316591,-0.04632981526292945,0.026655698013747856,-0.4795154602873243,1.0030516511570484,-0.22879632300828587,0.8572239116066961,10.0,3.3411833936954998,4.130343251386074,0.7645468847231797,-0.9140923727226538,5.601633340680223,452,794,280.6717007242911,328.8163525198702,442.7809484330556,753.0947064981583,1938.243272445473,7.734636210296119,1464.9120909414544,7.973465978549562,0.5772413426811133,0.8595920542938412,1660.641084133992,5.846674278904299
3bqc,0.0,0.0,-0.04077016158253049,0.12708961131197244,0.1662400833863291,0.33416316265082824,-0.039762469190294567,0.019276781624613815,-0.18846434747759178,0.6768122611507643,-0.4026291694717762,1.079025647977138,10.0,5.00103329877683,2.5351467774774554,0.588213092587025,-0.9965401896786048,5.440249286320981,470,852,305.13610857633,-913.608320066775,444.73242740599176,716.1239264787878,2675.758894664227,8.612306079442918,1638.3924600139937,7.310330244480754,0.5074012870711998,0.8120189707681761,1872.7314377275843,6.002654856383336
3bra,0.0,0.0,-0.09450043346194813,0.16185623338648772,0.19870614412690704,0.29667753903138944,-0.05283025632182599,0.030928763835152327,-0.7834739271860733,1.2071623650476178,-0.05025768205564358,0.39340462720016184,10.0,2.723696690159041,4.941240328323279,0.9899976849547667,-0.558293427876122,5.519337319138632,238,401,144.605780764922,-529.1114410150782,307.2536372195511,406.1477893230734,1718.801044325217,7.430972712583851,917.4486441300543,13.154717661773198,0.5327273753104614,0.801982203985351,966.7669451037435,5.023103105422623
3cf9,0.0,0.0,-0.05755840261588171,0.14204876018610452,0.1232360415588638,0.24654825034135847,-0.045284477819467775,0.02418351407193709,-0.40158563121514723,0.9303939092627156,-0.06805091740168125,0.40792568684354447,10.0,3.115890760865022,2.1620378460167897,1.0598143891628218,-2.036123975963058,5.454922030788964,415,690,243.62486410335825,-152.94139092660416,499.73920817459856,868.7741293674776,3180.616414293105,9.12306765511418,1981.3027395958932,18.117147189921404,0.6115383018439985,0.8270236520147207,2349.664459385411,6.311980368678383
3d6y,0.0,0.0,-0.02488394979241851,0.1284358720960442,0.1566339115529047,0.30536927070048675,-0.04239698806426341,0.024296565852348292,-0.3607550998333005,0.9091414529350681,-0.23552344153975632,0.8430178115859538,10.0,3.081774152551552,5.633171530509615,0.9650183711699589,-0.606769060845262,5.501124187594202,446,755,272.098587784652,-5126.356627781359,526.7469270971728,902.4874861416524,4458.217246632397,10.209963889974553,2029.5007450443745,19.85691254649312,0.579328498437947,0.7938973629040782,2652.9187671924064,6.329950523469043
3dds,0.0,0.0,-0.037005949880243444,0.1493973400008727,0.12347919442511315,0.25022914324839257,-0.04259558352568267,0.02517165013912883,-0.4216770274589026,0.9649149792796491,-0.06432068979631811,0.39001241783537505,10.0,0.8938557450821633,2.3914857074723157,1.1581908400331034,-0.5439236730246,5.275893212716886,217,354,128.90428720237907,-756.9967222868563,251.339559107861,316.43913241098846,921.0234002268477,6.0356959186616495,641.2914832591853,5.899246852930556,0.7023278163514074,0.8445494792606447,848.4354655781202,4.148279189072668
3eau,0.0,0.0,-0.05312704056587271,0.18650072901269102,0.29935620547048797,0.4399096296390527,-0.0399335749921506,0.018349792022691103,-0.12253146585981929,0.5525756866039325,-0.8877820360334628,1.5276831535738498,10.0,3.3826616786811776,4.833755252094477,1.0082814259832107,-0.5046855859947001,5.278541139448033,296,497,185.54050939374537,-2452.9730682184654,436.7567232729245,663.2224509216809,3383.177550493945,9.312766779426402,1746.4428879895004,16.748814025356836,0.5057405489585854,0.7727268577487479,1936.3970394278394,5.1965521567543
3ebp,0.0,0.0,-0.07120235035898452,0.18968172834481306,0.23977328241813703,0.42892522084611334,-0.04314974752402716,0.031737893703268474,-0.1667392957434088,0.8066788851312264,-0.6605386223309208,1.3644404000800323,10.0,7.308481616831216,2.877047823967618,1.0010945143514645,-5.045413308296514,5.558018154399634,477,802,277.5960971917343,359.6088377582828,474.8629782481386,813.5300635107999,2913.2427093727365,8.859910870983185,1899.575689976686,7.987241431511583,0.8551622819291174,0.8360790194658982,2274.4092789240644,6.008083429394308
3ed0,0.0,0.0,-0.05372109552055105,0.13413650765512392,0.15423304014697872,0.30471927258059867,-0.04258980980110121,0.023168796453231805,-0.31344570935281096,0.8409049783106772,-0.26804083832410985,0.88504825893747,10.0,0.6319444771504488,1.836059238571064,0.4723123351638413,-0.8884034250349533,5.269245493162085,439,812,280.70229467022426,1760.586945561543,378.6977420841502,569.0302913802742,2074.2346546618496,7.911456153711581,1396.616486494446,14.940310476018809,0.5101762862955356,0.8211500035445226,1385.7934456312978,5.429960996975226
3etr,0.0,0.0,-0.07114107353136384,0.15849807379911876,0.32398828073037605,0.3870064710077976,-0.04364941064414071,0.02190914568108924,-0.2852893519596912,0.8004080647295834,-0.7903626455194159,1.3362535743656314,10.0,3.548001285435214,1.7019064935526766,0.42555438335479273,-0.7499140729406042,5.4020447184939995,502,936,329.5367896562476,-469.5080440208654,435.16935029233025,725.4976210617889,2007.6349339164406,7.825859469254351,1412.3666798390113,7.728846728333227,0.8239310607680467,0.8499135045091988,1922.2260720074855,5.475965118224859
3ew5,0.0,0.0,-0.046330403549943645,0.130394683728292,0.30467637744560705,0.4124771208950965,-0.04462906706807523,0.02304256102933332,-0.30838045610200665,0.8328360816625766,-0.7724827878380103,1.416079588195629,10.0,3.996088483538779,2.9040721921956183,0.7132264402744396,-0.8467383008359342,5.308481677766064,370,656,223.58599484759662,219.55111032322367,350.3435391209968,549.2857119886975,1297.8360616160073,6.766702390451191,1023.8549144998672,12.872996272535254,0.7571038195319506,0.890806381985003,1281.2850554529425,4.370975854667665
3fty,0.0,0.0,-0.04859690771309898,0.1424959493531065,0.1792837336118638,0.29860327616454513,-0.04475358986743828,0.024743700789166195,-0.4300944888519596,0.9487063790277548,-0.2685537776382085,0.8168890906416022,10.0,2.3643357541960976,0.9176088794435899,0.712798333167432,-3.029362171809426,5.409530916203647,476,844,294.0474836625968,-172.24929429460124,407.69195311839144,664.5703372573108,2137.950678449974,7.9916481998122055,1208.4512657273867,15.880276096586677,0.6507954275606056,0.8585565982154346,1826.515879844089,5.350831252600483
3gcl,0.0,0.0,-0.04173619571415293,0.10396703255609038,0.23170109503387934,0.40142976570960426,-0.04153722029402875,0.0196279954137361,-0.1670632904658048,0.6422751441017693,-0.6401672188992285,1.3614852649693376,10.0,10.0,3.5852745432543913,1.320137338476562,-0.5230019968580049,5.395356621015605,188,297,104.86515513299996,90.61893513849208,265.62609935150647,337.5332099545673,927.9493730621531,6.050787361887158,732.8503926919908,7.067220456422813,0.9236071936130686,0.8291566325665277,942.8051913826095,4.619941947114675
3hbf,0.0,0.0,-0.0507119086882111,0.1587356875879454,0.16013287496274872,0.3248139173866796,-0.04135641166413534,0.0204713259359685,-0.20968143525173102,0.709875226961988,-0.34146390458445086,1.0108139994295926,10.0,3.583378524201663,0.673927506940323,0.7695137061601965,-0.9059136679324062,5.257427625550299,445,781,290.87700576992154,-86.43301359063192,460.37031649904395,759.2551275303781,2861.5006439925073,8.807143640793658,1746.4125289581639,7.224294848410246,0.6618920764559602,0.8174344746522764,2335.4169945786803,5.216804041783262
3hbg,0.0,0.0,-0.08677897745454663,0.15915844022186618,0.2828283555464294,0.39986022978225727,-0.044142138015418955,0.022900506785199382,-0.41335019815305374,0.9249153862356786,-0.6414007325919804,1.3441319298630086,10.0,2.0784877070469703,1.1567530368845942,0.32520392703175593,-0.6591321355453577,5.437751750376013,512,971,334.51370934327355,-633.443895958477,420.0692399565796,708.1419881814245,1758.4613800419377,7.487693781931409,1450.2063960453086,8.699159662202991,0.8832992154443882,0.8747122550530043,1901.205965180451,5.019072649625809
3hig,0.0,0.0,-0.04785261464277927,0.1725441028731809,0.2523463329202248,0.3714192756493713,-0.04697289716992733,0.03234926848079835,-0.4593460175643693,1.0227233382421268,-0.4454372382673105,1.1093732436611838,10.0,5.7769607176060465,1.7741251295717873,0.7960596769277304,-0.7644131823329285,4.999502755198926,663,1158,399.07987715616866,380.91001833217325,721.0723374016292,1392.314101089137,8882.57695548517,12.847445670704763,2841.606147549444,25.508131940519043,0.5062816529097482,0.764707158833342,4529.880842411817,7.103506099254381
3hlg,0.0,0.0,-0.060962492791062764,0.16040797854245503,0.2561575314026017,0.3866406769257332,-0.04276322714543021,0.02245149862955987,-0.28652506908145614,0.8134450551820394,-0.6058187066441794,1.286377001605401,10.0,4.499685882280243,1.6919976353674104,0.4328200405100489,-0.9195631851902437,5.332472800657047,646,1203,419.36176345994784,176.53864421829712,597.4654904402307,1167.557749494484,3399.9282155080764,9.328111159857327,2484.3052235088862,17.379754210822153,0.9139739492915131,0.8502278355246465,3454.2106345779744,6.385729994859456
3hs4,0.0,0.0,-0.024675569538596624,0.12705774942156883,0.22966750045045925,0.3810851823255024,-0.038449808677697164,0.016222520339817317,-0.16479132090500118,0.62106427534506,-0.6309626889297318,1.291227248315494,10.0,4.376170055267333,2.1812180201454967,0.5160541246530784,-0.5026528756487485,5.451537647107741,347,637,223.76147761616664,-469.3663943187653,340.6489319477592,504.7371597592586,1455.6733335688514,7.030590003453936,1009.8608303888724,12.958968698531715,0.730875101071144,0.8537503974109037,1519.240063489919,4.752509890730197
3kpu,0.0,0.0,-0.08918431263119929,0.17437697417242817,0.21997460806592478,0.32066184062125525,-0.042908856400305846,0.023725746676667655,-0.37159790468796267,0.8953819736813473,-0.4019736337203383,0.97056507630693,10.0,2.800513616231306,2.45684151378613,0.5269126918995539,-0.776082586342838,5.153122558445344,316,579,197.5989694553061,270.8080035723786,263.020603637434,353.17218873917375,803.988443617295,5.768378272490945,671.0632973087037,6.626202957059551,0.759746084888745,0.8804972995943825,820.3523521346484,4.2010846761327425
3ln1,0.0,0.0,-0.042215540131809816,0.11707624420490349,0.1648494354243797,0.3195752879811046,-0.04012896579365142,0.01913576022338805,-0.19901750354488307,0.6819728158555963,-0.38595563431948726,1.0186339519685093,10.0,3.6008068266275783,3.330910279526329,0.4735833701680136,-1.3598286929899581,5.652149270664399,670,1239,429.7109587701676,120.09575073507797,562.4808884515454,1057.2026677300469,2962.334790660448,8.909401072922588,2044.1484243114392,8.314940094331412,0.7019779012873839,0.8427966112773999,2865.440781634659,5.919633630917186
3p6h,0.0,0.0,-0.06063540507700284,0.13653141313095335,0.23975894440941525,0.38303069955902225,-0.03759484016394782,0.016625664751600128,-0.10535736425627625,0.5092440655029078,-0.5624908995499133,1.243740268292497,10.0,1.9648582729474666,1.6066505812382712,0.7897373797698098,-0.365597265661858,5.350565343356756,362,633,225.93224893672357,-555.9376467236041,379.37025401497147,599.1259443017457,1815.9521252851293,7.568420647525758,1092.9406057304523,14.466810913439536,0.6060108467396365,0.8622821585091275,1252.9958315971899,5.710787703295778
3p73,0.0,0.0,-0.046585506766140275,0.12924487107453483,0.14726897796862387,0.2911101018516204,-0.04122738416061778,0.023015422951430838,-0.30211199660316834,0.8344457684774983,-0.2099854274343604,0.7831846752204311,10.0,2.7763768128121424,4.014382847985437,0.5437371900443873,-1.0819183122677742,5.171766140171512,624,1140,393.9880860753915,1433.549239908268,628.2319037779707,1124.0918936694757,7270.0540521573175,12.017561228519513,2020.4412862629874,23.712756683761175,0.39116409718946393,0.7591857037394001,2246.7578848395206,7.467735295583332
3pah,0.0,0.0,-0.05722811305203948,0.1792875811229714,0.22057218735642348,0.3297718374326721,-0.04724978434303336,0.02634027297436551,-0.5213371537056771,1.0363872528706835,-0.31401021128729767,0.9260794633674817,10.0,2.398283939567445,4.274343936263257,1.2653637076958888,-0.3455693130024997,5.2359588777296615,216,345,117.95533679438714,-168.68864834770014,303.1532646936006,415.23301127271714,1333.644942094149,6.828372494861509,881.6774576260718,13.488950703977213,0.5896372850384943,0.8366131474351611,808.5397828528409,5.004151495423295
3t4k,0.0,0.0,-0.05223932201754133,0.12311475583663659,0.14710482040954753,0.28283436566972103,-0.04244697640820149,0.022618092332159535,-0.3237802509603406,0.8395980550234464,-0.19243253615435907,0.7398319669638883,10.0,2.9535407238426084,1.3378598348232051,0.3848135579698342,-0.764488836107482,4.368120607768764,498,935,335.4586354270124,-272.6197503900819,418.32766251990927,673.2849057917504,1992.3535086413094,7.805952961187166,1560.221682499326,14.237777449570537,0.878522615209915,0.8368549496556121,1858.6877924723537,5.458755744264239
3tvl,0.0,0.0,-0.25784693493794947,0.19420937407971955,0.6033791808706745,0.39895367819344085,-0.053709252475870904,0.025853383010366777,-0.6091588640957781,1.0787613900856987,-1.5615058445156018,1.6832074502257488,10.0,4.271374787621299,3.376023807668421,0.8259917763370916,-1.342876140985247,5.372169608467256,445,773,264.6934800777726,-89.06858793968519,430.2386175496706,745.7018848534944,1573.1148892612282,7.2147941438885885,1239.691235873679,13.390659940104316,0.8050383071483359,0.8886430393589912,1715.157297576819,4.876161047143799
3wl8,0.0,0.0,-0.010489823660341317,0.1146966036630278,0.3107891862026611,0.4010929814305517,-0.039690648159364086,0.020989042220315855,-0.24282104847629782,0.7437098494447717,-0.7649852229088434,1.3851812096370837,10.0,3.2500165340043146,3.2504665265769437,0.839270239587165,-0.6174450443809771,5.382165370887627,277,480,165.87703318039982,-546.1089842829605,295.35752450128416,389.61074977769346,1670.1906698657676,7.36024856597564,681.6070871280707,14.471773665946445,0.5489527102428693,0.8162722992623412,960.5358698264899,4.213430677989944
4bvm,0.03489433670043262,0.10158112265469281,-0.05550330640746116,0.12984129000099265,0.17374525102237212,0.28905055273556557,-0.033252543470627366,0.01639823243055002,-0.15116004375708728,0.5932387811433683,-0.4133802671225528,0.9158286098933052,0.6325321119460015,4.112136685491028,4.889759672902228,0.37175513067479227,-1.3952163390824932,4.997224666032647,600,1129,370.89762932411304,-1324.589153745651,455.22636830298654,814.0121613863998,2263.673371054755,8.145324377598842,1606.9390918928702,14.241549014203942,0.7991117757715727,0.8912837020045926,2322.5611676406866,5.734588144196352
4cla,0.0,0.0,-0.022697226568380247,0.11860248234241125,0.1476742191290427,0.3075456022341087,-0.040023084789752195,0.020379715250934655,-0.21981570863014863,0.7158186234852955,-0.3159119917734549,0.9524913832291005,10.0,3.040936589683675,2.557467111154183,0.7610069160869686,-1.4952532693569252,5.361818359320385,483,849,308.63023742086176,-349.5056925406773,566.2375007594328,1112.1565261166656,2625.497592970944,8.558040519383566,1999.8199777890654,8.890649531229954,0.7778221787030425,0.8777971343583708,2596.0317604813413,5.7822827177646445
4cus,0.0,0.0,-0.04456867152041736,0.1205413889464515,0.14589903571897525,0.29779596955448884,-0.044840408106316294,0.024192743870371618,-0.3889006330483335,0.9305176163336564,-0.16358122803806488,0.7632683238700222,10.0,2.5214663803456707,3.4112196821199063,0.8354047880332409,-0.5601132949640242,5.256782851031449,267,463,166.82001487856314,-679.261125510468,288.44114296616874,392.45637578105266,946.6022308479284,6.091061316985643,824.1049933321074,7.31182870467457,0.7170009693462197,0.8519846376542605,1029.6616238664842,4.243134255098831
4dpr,0.0,0.0,-0.0798989864951223,0.17381731513306514,0.35386566555387866,0.42378214803124253,-0.0464734273922363,0.02343668667179832,-0.43454744663006034,0.9415670345127065,-0.8411974208773236,1.4873638758462968,10.0,3.3763483006963257,3.656309221018551,0.7154936148228063,-0.6331785241234007,5.3248894487198655,382,677,237.8337118787024,-102.8286771993112,392.72119503143415,639.6637235089021,1436.1801039004588,6.999066161541902,1275.6267635415638,9.333863231844415,0.8678520941196102,0.8740804315138555,1845.5760069030325,4.9077695295726675
4hcy,0.0,0.0,-0.036296092520761894,0.14157680599437011,0.20486857134587907,0.3152680313309153,-0.04496889459437542,0.026351025022237663,-0.5021340554771413,1.014059594678953,-0.200794588952177,0.7275913765700512,10.0,3.835822670140117,4.55679936508739,0.8458134067357135,-1.0169465019684791,5.347715249847345,442,765,275.7691509186265,-1844.6177517880444,462.6327493090292,750.1225141113324,3838.8820508491426,9.713417438229374,1888.1262888561291,17.738335715176856,0.5886192273679604,0.8016851297829523,2178.1829411191934,5.194444493832712
4hki,0.0,0.0,-0.06134529092266661,0.15676395813382185,0.18586617048617635,0.311471782412199,-0.04454164787722525,0.025412075171738407,-0.4565060060859339,0.9837657001321054,-0.25596186889137523,0.8422383633841732,10.0,1.923192257473119,1.6373500131774157,0.5409364833995669,-2.5704783639237725,5.418657341454089,453,828,294.19102378772726,-392.7075349923096,396.8203428610983,636.0776800989289,2083.454200477341,7.923160427473886,1171.6698724828693,15.12142829809929,0.658381559071803,0.8557471298580291,1572.4922427852637,5.228669187186434
4hkk,0.0,0.0,-0.06284896278048259,0.1548241209429113,0.18541219076803164,0.31376020255260895,-0.04530619291752826,0.025817655807472528,-0.46346149977559165,0.9927916515216508,-0.24072530158618227,0.8364569322078383,10.0,2.601710313529599,1.8419854645740215,0.6469946653889808,-1.3196940108121122,5.364964969683775,471,845,288.3093860879128,-374.24960892231286,429.1375535889846,693.8957428584296,2809.4569683119266,8.75342318682186,1418.7062891994863,16.740594558730468,0.6834025318241135,0.8300908528131586,1856.6268881016686,5.491026182270172
4hm0,0.0,0.0,-0.02046702938527198,0.10075199712550321,0.15090462633774498,0.291147491199005,-0.037976437153979595,0.018176676557343775,-0.21403882130630644,0.6812231034925307,-0.317043307426704,0.8954324417690303,10.0,2.980958208463933,3.8223433852423256,0.21251950303695663,-0.4042303863417631,4.633764692041504,340,657,234.18124051254497,-418.5073276633135,255.68811317588916,346.5276255125039,925.6222904747564,6.045725135753412,695.7264908116501,11.198282089496502,0.6439790478260375,0.9013599182385175,791.344920750021,4.448170797802115
4ia6,0.0,0.0,-0.027077411904726553,0.08973783726650555,0.055339827702998286,0.16915138303211172,-0.03722077976033669,0.01608384634124711,-0.1260739280415697,0.5492918918311944,-0.0036630728377429586,0.08621849481691315,10.0,7.634582720815685,8.699457746206674,0.7019053856669089,-2.2434483287084213,5.600208074596272,555,986,355.0919862398697,2990.0306064011293,636.8880163839945,1201.4769681980997,4429.93313107099,10.188326492277232,3132.96913662739,9.697548665030052,0.8651936452004297,0.7949631921714934,4002.8100152542615,6.467425856579346
4jhi,0.0,0.0,-0.028790730711654756,0.12698166471506306,0.16694908731136215,0.3409308205189563,-0.038876889302925155,0.018474861201591995,-0.16667840842557746,0.634267207987424,-0.4270888462761268,1.1172773833602145,10.0,2.1206564629081353,1.5561104858012011,0.6137064718640527,-1.73012048096761,5.081291748372001,430,776,278.04131385840066,178.120535950118,432.28697274559505,713.7734056789723,2301.09603725609,8.18996498632447,1410.8063309022536,15.874098526433851,0.7654617249581609,0.8445557584053074,1871.1758865606878,5.870369906709277
4kcx,0.0,0.0,-0.037133340490721874,0.11713700771482331,0.1491115864727774,0.30579673755106235,-0.04206896791650947,0.021582498148236342,-0.25591075686379605,0.7794386654214175,-0.2291840428745252,0.8655032204703329,10.0,3.183661285145975,5.744296885615306,0.7431074930606627,-0.9867068789277393,5.43497272320376,520,917,333.8707466781452,1111.4764587110087,623.2788442001851,1253.9176916562494,3443.7061914764035,9.367977249728781,2508.2104964308746,14.326878914222963,0.7401175566644875,0.856981876767989,2577.5701083219556,6.213106571249978
4kd1,0.0,0.0,-0.1145684398877042,0.178656002731329,0.22572098842863225,0.3535311143991961,-0.04678570802114132,0.02604726517082406,-0.45075684183032055,0.9820607862099425,-0.38740387956794226,1.0745005940916057,10.0,8.03666274852898,2.1927715025667527,0.4598633314191532,-2.225775954741678,5.4138342615837995,649,1203,423.99315348759814,920.3122301611197,552.3776127795296,1057.1564444351036,2703.5189289151144,8.641986863018449,1887.0584083967335,8.45245971258554,0.9157155392639402,0.865986945310282,2792.5964444832507,6.099537882510192
4lzr,0.0,0.0,-0.042508263432460364,0.12591780604292827,0.13933493841243388,0.2847719211300403,-0.04374130540146227,0.02389555227272055,-0.3602313330795605,0.899253088266843,-0.16597272096528973,0.722618037068421,10.0,4.423871740879015,2.947745508861478,0.7524772822969565,-1.4150780694920257,5.335015411457799,501,882,318.8493284425738,-776.9051952815553,596.846559404939,1133.6144990757944,3176.349067473992,9.118985771534069,2597.9607622561566,12.854001008373018,0.9621625339413475,0.8267944195419806,3637.3581814840772,6.297287164136911
4mhw,0.0,0.0,-0.03983730670634077,0.14900369242126005,0.1929984626666884,0.3191881252615858,-0.0414111771377234,0.023974273065855208,-0.38741953272331425,0.9156079496823329,-0.3188402351255409,0.9268775876518457,10.0,3.6728369909440435,0.5278182390466841,0.4320461409651975,-0.6477843656414572,5.569710554201411,509,948,327.0827863183032,430.9599697125648,431.46490327059814,703.9783410545407,2890.7110828690184,8.837010263793054,1540.4951746269405,17.38289077307207,0.8878026548652589,0.8353476832420197,2421.5873074113238,5.216005428398332
4n7c,0.0,0.0,-0.01290196819991714,0.09538755362714715,0.12432575685783548,0.26128620221102306,-0.03909656473341818,0.020178573308143745,-0.2749944848782775,0.7767225741773507,-0.19793005886815634,0.7097995821838686,10.0,1.5057434717803109,1.9104610482437692,0.5359672506124319,-0.957008534790007,5.2252103511464405,381,697,243.8246718144582,-36.97425423493121,320.0198863131565,467.3069689700816,1530.9066922812801,7.149681640892393,834.773833685112,14.197153717384882,0.6976885995035449,0.8680864844071414,1169.052191854493,4.4569107474532865
4nyq,0.0,0.0,-0.03875141126502071,0.13085945108570698,0.14177519583868003,0.28147917781296095,-0.041595075794533524,0.023355972841378008,-0.3288649018538046,0.8598182779184408,-0.19210356319004485,0.7352452674965311,10.0,6.1219790519307375,3.701713590214681,0.4589457093939872,-1.188756211189629,4.5949582189049885,575,1066,369.8047514262521,-629.9083982935872,512.3181615782122,913.1673403480272,2942.403879768241,8.889374952867396,2106.1333917167663,8.526097148292916,0.6120263665321667,0.8374655086262106,2201.4605451768707,5.871603213423061
4o2b,0.0,0.0,-0.06009665855373361,0.13361864431028292,0.17752047961233494,0.30161343295337467,-0.04435231797291902,0.023800000572943937,-0.36660825982533385,0.8988756024852619,-0.23986354884760133,0.7802095826559111,10.0,3.668542487925599,1.0858550270841079,0.4654211338651546,-0.7530120311301447,5.256990756412051,702,1300,466.48766471192516,-761.3946429532618,583.7215420463372,1170.721681978594,2995.3218936418525,8.942349311288536,2640.938915201032,16.57121019160916,0.6762461106373375,0.8828181772704151,2667.2842495540235,6.476932346499271
4odj,0.0,0.0,-0.25726584919053436,0.19160724196474224,0.5289378713684404,0.398935966126301,-0.059631948120582735,0.02950848023755193,-0.8938955033110172,1.2286174043785354,-1.0731215815058175,1.604915041308272,10.0,6.126407727405214,1.7542412711995188,0.9841133613654772,-1.4576628553494526,5.296454090615151,332,560,193.73532124338303,795.9445161776275,345.05183090352875,534.0582624234723,1309.3756016252244,6.786698327087274,1028.6912042667645,10.177421091993818,0.7293648340372069,0.8861113938809095,1323.200879836959,4.471152681533664
